{"cameraMode":{"drawMode":0,"name":"Shaded","section":"Shading Mode"},"sceneLighting":true,"audioPlay":false,"sceneViewState":{"m_AlwaysRefresh":false,"showFog":true,"showSkybox":true,"showFlares":true,"showImageEffects":true,"showParticleSystems":true,"showVisualEffectGraphs":true,"m_FxEnabled":true},"in2DMode":false,"pivot":{"x":14.815225601196289,"y":2.2265632152557375,"z":2.113236427307129},"rotation":{"x":0.13870280981063844,"y":0.30651214718818667,"z":-0.04518716409802437,"w":0.9406516551971436},"size":2.655573844909668,"orthographic":false}