{"cameraMode":{"drawMode":0,"name":"Shaded","section":"Shading Mode"},"sceneLighting":true,"audioPlay":false,"sceneViewState":{"m_AlwaysRefresh":false,"showFog":true,"showSkybox":true,"showFlares":true,"showImageEffects":true,"showParticleSystems":true,"showVisualEffectGraphs":true,"m_FxEnabled":true},"in2DMode":false,"pivot":{"x":13.524300575256348,"y":-4.359647750854492,"z":1.4416532516479493},"rotation":{"x":0.6207618117332459,"y":0.07003938406705857,"z":-0.05583053454756737,"w":0.7788915634155273},"size":4.972798824310303,"orthographic":false}