{"cameraMode":{"drawMode":0,"name":"Shaded","section":"Shading Mode"},"sceneLighting":true,"audioPlay":false,"sceneViewState":{"m_AlwaysRefresh":false,"showFog":true,"showSkybox":true,"showFlares":true,"showImageEffects":true,"showParticleSystems":true,"showVisualEffectGraphs":true,"m_FxEnabled":true},"in2DMode":false,"pivot":{"x":18.511425018310548,"y":3.8746728897094728,"z":1.9401063919067383},"rotation":{"x":-0.32084721326828005,"y":0.5510067343711853,"z":-0.24178123474121095,"w":-0.7315117716789246},"size":0.8397982120513916,"orthographic":false}