{"cameraMode":{"drawMode":0,"name":"Shaded","section":"Shading Mode"},"sceneLighting":true,"audioPlay":false,"sceneViewState":{"m_AlwaysRefresh":false,"showFog":true,"showSkybox":true,"showFlares":true,"showImageEffects":true,"showParticleSystems":true,"showVisualEffectGraphs":true,"m_FxEnabled":true},"in2DMode":false,"pivot":{"x":16.102933883666993,"y":1.5915563106536866,"z":-2.1207146644592287},"rotation":{"x":0.014489123597741127,"y":-0.9848393797874451,"z":0.13919059932231904,"w":0.1029091402888298},"size":4.099021911621094,"orthographic":false}